Title;GivenName;infix;LastName;Email;RegistrationDate;DateOfBirth;username;ip;Country;user_info
;SDSDSDD;;JKJKJLNHHU;aaa@bbbb.ccc;24/6/2008 0:00:00;25/5/2000 0:00:00;;;;Recipient
;SDSDSDD;;JKJKJLNHHU;aaa@bbbb.ccc;25/8/2009 0:00:00;17/4/2002 0:00:00;;;;Recipient
;SDSDSDD;;JKJKJLNHHU;aaa@bbbb.ccc;17/7/2009 0:00:00;29/3/1998 0:00:00;;;;Recipient
;SDSDSDD;;JKJKJLNHHU;aaa@bbbb.ccc;18/9/2008 0:00:00;1/1/2000 0:00:00;;;;Recipient
;SDSDSDD;;JKJKJLNHHU;aaa@bbbb.ccc;5/6/2008 0:00:00;15/5/1991 0:00:00;;;;Recipient
;SDSDSDD;;JKJKJLNHHU;aaa@bbbb.ccc;5/6/2008 0:00:00;26/4/1996 0:00:00;;;;Recipient
;SDSDSDD;;JKJKJLNHHU;aaa@bbbb.ccc;;30/1/1985 0:00:00;;;;Recipient
;SDSDSDD;;JKJKJLNHHU;aaa@bbbb.ccc;20/5/2010 0:00:00;29/10/2003 0:00:00;;;;Recipient
;SDSDSDD;;JKJKJLNHHU;aaa@bbbb.ccc;4/9/2007 0:00:00;12/10/1998 0:00:00;;;;Recipient
;SDSDSDD;;JKJKJLNHHU;aaa@bbbb.ccc;26/11/2007 0:00:00;31/5/1999 0:00:00;;;;Recipient
;SDSDSDD;;JKJKJLNHHU;aaa@bbbb.ccc;31/10/2002 0:00:00;19/10/1995 0:00:00;;;;Recipient
;SDSDSDD;;JKJKJLNHHU;aaa@bbbb.ccc;19/4/1994 0:00:00;30/12/1991 0:00:00;;;;Recipient
;SDSDSDD;;JKJKJLNHHU;aaa@bbbb.ccc;23/10/2009 0:00:00;14/1/1992 0:00:00;;;;Recipient
;SDSDSDD;;JKJKJLNHHU;aaa@bbbb.ccc;27/9/2004 0:00:00;4/8/1994 0:00:00;;;;Recipient
;SDSDSDD;;JKJKJLNHHU;aaa@bbbb.ccc;30/5/2008 0:00:00;12/9/1999 0:00:00;;;;Recipient
;SDSDSDD;;JKJKJLNHHU;aaa@bbbb.ccc;12/4/1995 0:00:00;21/12/1992 0:00:00;;;;Recipient
;SDSDSDD;;JKJKJLNHHU;aaa@bbbb.ccc;14/3/2002 0:00:00;12/1/2000 0:00:00;;;;Recipient
;SDSDSDD;;JKJKJLNHHU;aaa@bbbb.ccc;4/7/2007 0:00:00;18/6/1995 0:00:00;;;;Recipient
;SDSDSDD;;JKJKJLNHHU;aaa@bbbb.ccc;25/8/2009 0:00:00;24/6/1994 0:00:00;;;;Recipient
;SDSDSDD;;JKJKJLNHHU;aaa@bbbb.ccc;20/1/2009 0:00:00;22/11/1994 0:00:00;;;;Recipient
;SDSDSDD;;JKJKJLNHHU;aaa@bbbb.ccc;7/12/2001 0:00:00;18/12/1990 0:00:00;;;;Recipient
;SDSDSDD;;JKJKJLNHHU;aaa@bbbb.ccc;7/7/2008 0:00:00;12/8/2000 0:00:00;;;;Recipient
;SDSDSDD;;JKJKJLNHHU;aaa@bbbb.ccc;5/12/2000 0:00:00;27/7/1992 0:00:00;;;;Recipient
;SDSDSDD;;JKJKJLNHHU;aaa@bbbb.ccc;10/5/2010 0:00:00;24/7/2002 0:00:00;;;;Recipient
;SDSDSDD;;JKJKJLNHHU;aaa@bbbb.ccc;4/7/1994 0:00:00;1/3/1991 0:00:00;;;;Recipient
;SDSDSDD;;JKJKJLNHHU;aaa@bbbb.ccc;20/5/2010 0:00:00;17/9/1999 0:00:00;;;;Recipient
;SDSDSDD;;JKJKJLNHHU;aaa@bbbb.ccc;21/8/2009 0:00:00;8/8/1998 0:00:00;;;;Recipient
;SDSDSDD;;JKJKJLNHHU;aaa@bbbb.ccc;5/8/2009 0:00:00;12/7/2002 0:00:00;;;;Recipient
;SDSDSDD;;JKJKJLNHHU;aaa@bbbb.ccc;12/6/2002 0:00:00;2/12/1994 0:00:00;;;;Recipient
;SDSDSDD;;JKJKJLNHHU;aaa@bbbb.ccc;9/10/2007 0:00:00;28/11/1992 0:00:00;;;;Recipient
;SDSDSDD;;JKJKJLNHHU;aaa@bbbb.ccc;20/9/1993 0:00:00;1/9/1987 0:00:00;;;;Recipient
;SDSDSDD;;JKJKJLNHHU;aaa@bbbb.ccc;16/11/2004 0:00:00;15/5/1998 0:00:00;;;;Recipient
;SDSDSDD;;JKJKJLNHHU;aaa@bbbb.ccc;22/11/2004 0:00:00;22/5/1990 0:00:00;;;;Recipient
;SDSDSDD;;JKJKJLNHHU;aaa@bbbb.ccc;19/12/2006 0:00:00;21/3/1999 0:00:00;;;;Recipient
;SDSDSDD;;JKJKJLNHHU;aaa@bbbb.ccc;21/8/2009 0:00:00;12/9/1996 0:00:00;;;;Recipient
;SDSDSDD;;JKJKJLNHHU;aaa@bbbb.ccc;1/9/2010 0:00:00;29/8/2003 0:00:00;;;;Recipient
;SDSDSDD;;JKJKJLNHHU;aaa@bbbb.ccc;11/11/2009 0:00:00;30/10/2003 0:00:00;;;;Recipient
;SDSDSDD;;JKJKJLNHHU;aaa@bbbb.ccc;4/5/2010 0:00:00;13/8/2002 0:00:00;;;;Recipient
;SDSDSDD;;JKJKJLNHHU;aaa@bbbb.ccc;20/6/2005 0:00:00;30/9/1992 0:00:00;;;;Recipient
;SDSDSDD;;JKJKJLNHHU;aaa@bbbb.ccc;25/11/2008 0:00:00;6/4/1993 0:00:00;;;;Recipient
;SDSDSDD;;JKJKJLNHHU;aaa@bbbb.ccc;5/12/2008 0:00:00;9/1/1993 0:00:00;;;;Recipient
;SDSDSDD;;JKJKJLNHHU;aaa@bbbb.ccc;17/7/2009 0:00:00;8/2/1997 0:00:00;;;;Recipient
;SDSDSDD;;JKJKJLNHHU;aaa@bbbb.ccc;19/1/1999 0:00:00;8/3/1996 0:00:00;;;;Recipient
;SDSDSDD;;JKJKJLNHHU;aaa@bbbb.ccc;17/10/1997 0:00:00;7/2/1995 0:00:00;;;;Recipient
;SDSDSDD;;JKJKJLNHHU;aaa@bbbb.ccc;19/9/2007 0:00:00;17/4/1993 0:00:00;;;;Recipient
;SDSDSDD;;JKJKJLNHHU;aaa@bbbb.ccc;22/11/1997 0:00:00;27/12/1983 0:00:00;;;;Recipient
;SDSDSDD;;JKJKJLNHHU;aaa@bbbb.ccc;8/4/2009 0:00:00;21/6/1999 0:00:00;;;;Recipient
;SDSDSDD;;JKJKJLNHHU;aaa@bbbb.ccc;25/11/2008 0:00:00;3/6/1991 0:00:00;;;;Recipient
;SDSDSDD;;JKJKJLNHHU;aaa@bbbb.ccc;23/10/2009 0:00:00;30/6/2003 0:00:00;;;;Recipient
;SDSDSDD;;JKJKJLNHHU;aaa@bbbb.ccc;1/5/2004 0:00:00;3/3/2002 0:00:00;;;;Recipient
;SDSDSDD;;JKJKJLNHHU;aaa@bbbb.ccc;26/11/2008 0:00:00;25/10/1997 0:00:00;;;;Recipient
;SDSDSDD;;JKJKJLNHHU;aaa@bbbb.ccc;31/1/2005 0:00:00;20/4/1984 0:00:00;;;;Recipient
;SDSDSDD;;JKJKJLNHHU;aaa@bbbb.ccc;16/11/1994 0:00:00;12/1/1993 0:00:00;;;;Recipient
;SDSDSDD;;JKJKJLNHHU;aaa@bbbb.ccc;6/8/1996 0:00:00;1/11/1990 0:00:00;;;;Recipient
;SDSDSDD;;JKJKJLNHHU;aaa@bbbb.ccc;31/7/2009 0:00:00;23/3/2003 0:00:00;;;;Recipient
;SDSDSDD;;JKJKJLNHHU;aaa@bbbb.ccc;17/10/2005 0:00:00;18/7/1999 0:00:00;;;;Recipient
;SDSDSDD;;JKJKJLNHHU;aaa@bbbb.ccc;27/7/2005 0:00:00;18/11/1995 0:00:00;;;;Recipient
;SDSDSDD;;JKJKJLNHHU;aaa@bbbb.ccc;26/8/2002 0:00:00;19/5/1980 0:00:00;;;;Recipient
;SDSDSDD;;JKJKJLNHHU;aaa@bbbb.ccc;26/2/2008 0:00:00;18/3/1969 0:00:00;;;;Recipient
;SDSDSDD;;JKJKJLNHHU;aaa@bbbb.ccc;2/4/2009 0:00:00;11/7/2001 0:00:00;;;;Recipient
;SDSDSDD;;JKJKJLNHHU;aaa@bbbb.ccc;27/11/2008 0:00:00;14/2/2000 0:00:00;;;;Recipient
;SDSDSDD;;JKJKJLNHHU;aaa@bbbb.ccc;24/10/2001 0:00:00;5/4/1996 0:00:00;;;;Recipient
;SDSDSDD;;JKJKJLNHHU;aaa@bbbb.ccc;20/4/2000 0:00:00;6/1/1987 0:00:00;;;;Recipient
;SDSDSDD;;JKJKJLNHHU;aaa@bbbb.ccc;28/8/2009 0:00:00;14/8/1999 0:00:00;;;;Recipient
;SDSDSDD;;JKJKJLNHHU;aaa@bbbb.ccc;11/9/1992 0:00:00;22/1/1990 0:00:00;;;;Recipient
;SDSDSDD;;JKJKJLNHHU;aaa@bbbb.ccc;12/8/2004 0:00:00;8/5/1998 0:00:00;;;;Recipient
;SDSDSDD;;JKJKJLNHHU;aaa@bbbb.ccc;19/5/2014 0:00:00;14/9/1991 0:00:00;;;;Recipient
;SDSDSDD;;JKJKJLNHHU;aaa@bbbb.ccc;20/9/2004 0:00:00;11/9/1992 0:00:00;;;;Recipient
;SDSDSDD;;JKJKJLNHHU;aaa@bbbb.ccc;16/7/2007 0:00:00;9/4/2003 0:00:00;;;;Recipient
;SDSDSDD;;JKJKJLNHHU;aaa@bbbb.ccc;19/10/2005 0:00:00;24/8/2000 0:00:00;;;;Recipient
;SDSDSDD;;JKJKJLNHHU;aaa@bbbb.ccc;10/1/2000 0:00:00;5/5/1996 0:00:00;;;;Recipient
;SDSDSDD;;JKJKJLNHHU;aaa@bbbb.ccc;26/10/2010 0:00:00;26/9/2000 0:00:00;;;;Recipient
;SDSDSDD;;JKJKJLNHHU;aaa@bbbb.ccc;8/3/2006 0:00:00;11/5/1997 0:00:00;;;;Recipient
;SDSDSDD;;JKJKJLNHHU;aaa@bbbb.ccc;14/7/2010 0:00:00;1/4/1999 0:00:00;;;;Recipient
;SDSDSDD;;JKJKJLNHHU;aaa@bbbb.ccc;14/9/2009 0:00:00;15/2/2003 0:00:00;;;;Recipient
;SDSDSDD;;JKJKJLNHHU;aaa@bbbb.ccc;12/6/2007 0:00:00;29/3/1997 0:00:00;;;;Recipient
;SDSDSDD;;JKJKJLNHHU;aaa@bbbb.ccc;2/2/2010 0:00:00;8/8/2003 0:00:00;;;;Recipient
;SDSDSDD;;JKJKJLNHHU;aaa@bbbb.ccc;4/1/1996 0:00:00;29/3/1993 0:00:00;;;;Recipient
;SDSDSDD;;JKJKJLNHHU;aaa@bbbb.ccc;27/5/1999 0:00:00;27/1/1999 0:00:00;;;;Recipient
;SDSDSDD;;JKJKJLNHHU;aaa@bbbb.ccc;24/11/2009 0:00:00;4/1/2000 0:00:00;;;;Recipient
;SDSDSDD;;JKJKJLNHHU;aaa@bbbb.ccc;19/12/1995 0:00:00;21/12/1984 0:00:00;;;;Recipient
;SDSDSDD;;JKJKJLNHHU;aaa@bbbb.ccc;23/10/2009 0:00:00;4/7/1999 0:00:00;;;;Recipient
;SDSDSDD;;JKJKJLNHHU;aaa@bbbb.ccc;20/9/2010 0:00:00;26/8/1984 0:00:00;;;;Recipient
;SDSDSDD;;JKJKJLNHHU;aaa@bbbb.ccc;25/6/2004 0:00:00;23/2/1996 0:00:00;;;;Recipient
;SDSDSDD;;JKJKJLNHHU;aaa@bbbb.ccc;25/11/2008 0:00:00;27/2/1992 0:00:00;;;;Recipient
;SDSDSDD;;JKJKJLNHHU;aaa@bbbb.ccc;30/5/2005 0:00:00;5/4/2001 0:00:00;;;;Recipient
;SDSDSDD;;JKJKJLNHHU;aaa@bbbb.ccc;15/4/1995 0:00:00;27/9/1991 0:00:00;;;;Recipient
;SDSDSDD;;JKJKJLNHHU;aaa@bbbb.ccc;18/9/2008 0:00:00;25/9/1998 0:00:00;;;;Recipient
;SDSDSDD;;JKJKJLNHHU;aaa@bbbb.ccc;12/6/2002 0:00:00;16/1/1995 0:00:00;;;;Recipient
;SDSDSDD;;JKJKJLNHHU;aaa@bbbb.ccc;17/7/2009 0:00:00;21/6/2001 0:00:00;;;;Recipient
;SDSDSDD;;JKJKJLNHHU;aaa@bbbb.ccc;15/8/2005 0:00:00;7/2/1994 0:00:00;;;;Recipient
;SDSDSDD;;JKJKJLNHHU;aaa@bbbb.ccc;21/3/1997 0:00:00;2/3/1993 0:00:00;;;;Recipient
;SDSDSDD;;JKJKJLNHHU;aaa@bbbb.ccc;18/9/2008 0:00:00;2/10/1999 0:00:00;;;;Recipient
;SDSDSDD;;JKJKJLNHHU;aaa@bbbb.ccc;20/5/2010 0:00:00;17/4/2003 0:00:00;;;;Recipient
;SDSDSDD;;JKJKJLNHHU;aaa@bbbb.ccc;11/2/1994 0:00:00;16/9/1991 0:00:00;;;;Recipient
;SDSDSDD;;JKJKJLNHHU;aaa@bbbb.ccc;30/12/2008 0:00:00;6/5/2002 0:00:00;;;;Recipient
;SDSDSDD;;JKJKJLNHHU;aaa@bbbb.ccc;31/5/2002 0:00:00;6/5/1995 0:00:00;;;;Recipient
;SDSDSDD;;JKJKJLNHHU;aaa@bbbb.ccc;;;;;;Recipient
;SDSDSDD;;JKJKJLNHHU;aaa@bbbb.ccc;24/11/2010 0:00:00;21/2/2002 0:00:00;;;;Recipient
;SDSDSDD;;JKJKJLNHHU;aaa@bbbb.ccc;24/11/2010 0:00:00;19/11/2004 0:00:00;;;;Recipient
;SDSDSDD;;JKJKJLNHHU;aaa@bbbb.ccc;9/6/2011 0:00:00;27/5/2004 0:00:00;;;;Recipient
;SDSDSDD;;JKJKJLNHHU;aaa@bbbb.ccc;2/11/2011 0:00:00;10/1/2005 0:00:00;;;;Recipient
;SDSDSDD;;JKJKJLNHHU;aaa@bbbb.ccc;3/11/2011 0:00:00;12/9/2007 0:00:00;;;;Recipient
;SDSDSDD;;JKJKJLNHHU;aaa@bbbb.ccc;18/11/2011 0:00:00;6/11/2001 0:00:00;;;;Recipient
;SDSDSDD;;JKJKJLNHHU;aaa@bbbb.ccc;18/11/2011 0:00:00;22/2/2004 0:00:00;;;;Recipient
;SDSDSDD;;JKJKJLNHHU;aaa@bbbb.ccc;19/12/2011 0:00:00;8/12/1999 0:00:00;;;;Recipient
;SDSDSDD;;JKJKJLNHHU;aaa@bbbb.ccc;23/12/2011 0:00:00;25/2/2001 0:00:00;;;;Recipient
;SDSDSDD;;JKJKJLNHHU;aaa@bbbb.ccc;23/12/2011 0:00:00;31/10/1999 0:00:00;;;;Recipient
;SDSDSDD;;JKJKJLNHHU;aaa@bbbb.ccc;6/1/2012 0:00:00;6/5/2004 0:00:00;;;;Recipient
;SDSDSDD;;JKJKJLNHHU;aaa@bbbb.ccc;13/1/2012 0:00:00;5/11/1999 0:00:00;;;;Recipient
;SDSDSDD;;JKJKJLNHHU;aaa@bbbb.ccc;16/1/2012 0:00:00;7/11/2005 0:00:00;;;;Recipient
;SDSDSDD;;JKJKJLNHHU;aaa@bbbb.ccc;16/1/2012 0:00:00;5/1/2005 0:00:00;;;;Recipient
;SDSDSDD;;JKJKJLNHHU;aaa@bbbb.ccc;10/5/2012 0:00:00;17/12/2007 0:00:00;;;;Recipient
;SDSDSDD;;JKJKJLNHHU;aaa@bbbb.ccc;;11/9/2002 0:00:00;;;;Recipient
;SDSDSDD;;JKJKJLNHHU;aaa@bbbb.ccc;;8/5/2004 0:00:00;;;;Recipient
;SDSDSDD;;JKJKJLNHHU;aaa@bbbb.ccc;;29/9/2008 0:00:00;;;;Recipient
;SDSDSDD;;JKJKJLNHHU;aaa@bbbb.ccc;;15/2/2006 0:00:00;;;;Recipient
;SDSDSDD;;JKJKJLNHHU;aaa@bbbb.ccc;;23/4/2004 0:00:00;;;;Recipient
;SDSDSDD;;JKJKJLNHHU;aaa@bbbb.ccc;;24/2/2006 0:00:00;;;;Recipient
;SDSDSDD;;JKJKJLNHHU;aaa@bbbb.ccc;6/12/2012 0:00:00;15/3/2004 0:00:00;;;;Recipient
;SDSDSDD;;JKJKJLNHHU;aaa@bbbb.ccc;;2/12/2004 0:00:00;;;;Recipient
;SDSDSDD;;JKJKJLNHHU;aaa@bbbb.ccc;30/5/2013 0:00:00;26/3/2005 0:00:00;;;;Recipient
;SDSDSDD;;JKJKJLNHHU;aaa@bbbb.ccc;20/6/2013 0:00:00;2/8/2003 0:00:00;;;;Recipient
;SDSDSDD;;JKJKJLNHHU;aaa@bbbb.ccc;;;;;;Recipient
;SDSDSDD;;JKJKJLNHHU;aaa@bbbb.ccc;14/3/2013 0:00:00;13/12/2002 0:00:00;;;;Recipient
;SDSDSDD;;JKJKJLNHHU;aaa@bbbb.ccc;14/3/2013 0:00:00;12/11/2003 0:00:00;;;;Recipient
;SDSDSDD;;JKJKJLNHHU;aaa@bbbb.ccc;14/3/2013 0:00:00;13/9/2006 0:00:00;;;;Recipient
;SDSDSDD;;JKJKJLNHHU;aaa@bbbb.ccc;14/3/2013 0:00:00;16/2/2002 0:00:00;;;;Recipient
;SDSDSDD;;JKJKJLNHHU;aaa@bbbb.ccc;18/3/2013 0:00:00;12/2/1999 0:00:00;;;;Recipient
;SDSDSDD;;JKJKJLNHHU;aaa@bbbb.ccc;1/5/2013 0:00:00;6/4/2008 0:00:00;;;;Recipient
;SDSDSDD;;JKJKJLNHHU;aaa@bbbb.ccc;14/5/2013 0:00:00;25/5/2007 0:00:00;;;;Recipient
;SDSDSDD;;JKJKJLNHHU;aaa@bbbb.ccc;24/5/2013 0:00:00;18/12/1996 0:00:00;;;;Recipient
;SDSDSDD;;JKJKJLNHHU;aaa@bbbb.ccc;;30/9/2005 0:00:00;;;;Recipient
;SDSDSDD;;JKJKJLNHHU;aaa@bbbb.ccc;29/10/2013 0:00:00;20/11/2000 0:00:00;;;;Recipient
;SDSDSDD;;JKJKJLNHHU;aaa@bbbb.ccc;26/8/2013 0:00:00;18/8/2003 0:00:00;;;;Recipient
;SDSDSDD;;JKJKJLNHHU;aaa@bbbb.ccc;20/1/2014 0:00:00;30/12/2002 0:00:00;;;;Recipient
;SDSDSDD;;JKJKJLNHHU;aaa@bbbb.ccc;28/1/2014 0:00:00;12/12/1996 0:00:00;;;;Recipient
;SDSDSDD;;JKJKJLNHHU;aaa@bbbb.ccc;19/8/2007 0:00:00;31/5/1993 0:00:00;;;;Recipient
;SDSDSDD;;JKJKJLNHHU;aaa@bbbb.ccc;12/2/2014 0:00:00;14/4/2007 0:00:00;;;;Recipient
;SDSDSDD;;JKJKJLNHHU;aaa@bbbb.ccc;21/2/2014 0:00:00;4/3/1995 0:00:00;;;;Recipient
;SDSDSDD;;JKJKJLNHHU;aaa@bbbb.ccc;13/3/2014 0:00:00;27/3/2001 0:00:00;;;;Recipient
;SDSDSDD;;JKJKJLNHHU;aaa@bbbb.ccc;22/11/2012 0:00:00;9/12/2005 0:00:00;;;;Recipient
;SDSDSDD;;JKJKJLNHHU;aaa@bbbb.ccc;9/11/2006 0:00:00;8/7/1966 0:00:00;;;;Recipient
;SDSDSDD;;JKJKJLNHHU;aaa@bbbb.ccc;4/6/2014 0:00:00;12/8/2005 0:00:00;;;;Recipient
;SDSDSDD;;JKJKJLNHHU;aaa@bbbb.ccc;29/3/2012 0:00:00;17/6/2006 0:00:00;;;;Recipient
;SDSDSDD;;JKJKJLNHHU;aaa@bbbb.ccc;;20/4/2000 0:00:00;;;;Recipient
;SDSDSDD;;JKJKJLNHHU;aaa@bbbb.ccc;;;;;;Recipient
;SDSDSDD;;JKJKJLNHHU;aaa@bbbb.ccc;29/1/2015 0:00:00;10/11/2001 0:00:00;;;;Recipient
;SDSDSDD;;JKJKJLNHHU;aaa@bbbb.ccc;20/1/2015 0:00:00;17/4/1996 0:00:00;;;;Recipient
;SDSDSDD;;JKJKJLNHHU;aaa@bbbb.ccc;19/2/2015 0:00:00;11/4/2006 0:00:00;;;;Recipient
;SDSDSDD;;JKJKJLNHHU;aaa@bbbb.ccc;11/3/2015 0:00:00;2/11/2003 0:00:00;;;;Recipient
;SDSDSDD;;JKJKJLNHHU;aaa@bbbb.ccc;29/5/2015 0:00:00;15/6/2001 0:00:00;;;;Recipient
;SDSDSDD;;JKJKJLNHHU;aaa@bbbb.ccc;22/6/2015 0:00:00;8/12/1998 0:00:00;;;;Recipient
;SDSDSDD;;JKJKJLNHHU;aaa@bbbb.ccc;;22/5/2006 0:00:00;;;;Recipient
;SDSDSDD;;JKJKJLNHHU;aaa@bbbb.ccc;21/7/2015 0:00:00;27/7/2002 0:00:00;;;;Recipient
;SDSDSDD;;JKJKJLNHHU;aaa@bbbb.ccc;3/9/2015 0:00:00;27/9/1992 0:00:00;;;;Recipient
;SDSDSDD;;JKJKJLNHHU;aaa@bbbb.ccc;12/10/2015 0:00:00;21/8/2001 0:00:00;;;;Recipient
;SDSDSDD;;JKJKJLNHHU;aaa@bbbb.ccc;28/10/2015 0:00:00;5/5/1995 0:00:00;;;;Recipient
;SDSDSDD;;JKJKJLNHHU;aaa@bbbb.ccc;26/11/2015 0:00:00;3/11/2000 0:00:00;;;;Recipient
;SDSDSDD;;JKJKJLNHHU;aaa@bbbb.ccc;26/11/2015 0:00:00;8/7/2009 0:00:00;;;;Recipient
;SDSDSDD;;JKJKJLNHHU;aaa@bbbb.ccc;26/11/2015 0:00:00;11/10/2005 0:00:00;;;;Recipient
;SDSDSDD;;JKJKJLNHHU;aaa@bbbb.ccc;30/11/2015 0:00:00;25/4/2001 0:00:00;;;;Recipient
;SDSDSDD;;JKJKJLNHHU;aaa@bbbb.ccc;8/12/2015 0:00:00;12/12/2000 0:00:00;;;;Recipient
;SDSDSDD;;JKJKJLNHHU;aaa@bbbb.ccc;11/2/1994 0:00:00;16/9/1991 0:00:00;;;;Recipient
;SDSDSDD;;JKJKJLNHHU;aaa@bbbb.ccc;26/2/2016 0:00:00;10/8/2007 0:00:00;;;;Recipient
;SDSDSDD;;JKJKJLNHHU;aaa@bbbb.ccc;11/3/2016 0:00:00;;;;;Recipient
;SDSDSDD;;JKJKJLNHHU;aaa@bbbb.ccc;15/3/2016 0:00:00;16/6/2001 0:00:00;;;;Recipient
;SDSDSDD;;JKJKJLNHHU;aaa@bbbb.ccc;23/3/2016 0:00:00;6/9/2000 0:00:00;;;;Recipient
;SDSDSDD;;JKJKJLNHHU;aaa@bbbb.ccc;29/3/2016 0:00:00;6/12/2006 0:00:00;;;;Recipient
;SDSDSDD;;JKJKJLNHHU;aaa@bbbb.ccc;1/4/2016 0:00:00;26/4/2006 0:00:00;;;;Recipient
;SDSDSDD;;JKJKJLNHHU;aaa@bbbb.ccc;14/3/2016 0:00:00;15/6/2004 0:00:00;;;;Recipient
;SDSDSDD;;JKJKJLNHHU;aaa@bbbb.ccc;9/5/2016 0:00:00;28/4/2004 0:00:00;;;;Recipient
;SDSDSDD;;JKJKJLNHHU;aaa@bbbb.ccc;4/8/2015 0:00:00;1/2/1996 0:00:00;;;;Recipient
;SDSDSDD;;JKJKJLNHHU;aaa@bbbb.ccc;1/6/2016 0:00:00;7/5/2003 0:00:00;;;;Recipient
;SDSDSDD;;JKJKJLNHHU;aaa@bbbb.ccc;2/6/2016 0:00:00;5/9/2006 0:00:00;;;;Recipient
;SDSDSDD;;JKJKJLNHHU;aaa@bbbb.ccc;3/6/2016 0:00:00;19/4/2001 0:00:00;;;;Recipient
;SDSDSDD;;JKJKJLNHHU;aaa@bbbb.ccc;8/8/2016 0:00:00;13/10/2001 0:00:00;;;;Recipient
;SDSDSDD;;JKJKJLNHHU;aaa@bbbb.ccc;16/8/2016 0:00:00;17/12/2004 0:00:00;;;;Recipient
;SDSDSDD;;JKJKJLNHHU;aaa@bbbb.ccc;16/4/2014 0:00:00;2/12/2003 0:00:00;;;;Recipient
;SDSDSDD;;JKJKJLNHHU;aaa@bbbb.ccc;5/9/2016 0:00:00;25/1/2006 0:00:00;;;;Recipient
;SDSDSDD;;JKJKJLNHHU;aaa@bbbb.ccc;9/9/2016 0:00:00;21/10/2000 0:00:00;;;;Recipient
;SDSDSDD;;JKJKJLNHHU;aaa@bbbb.ccc;6/9/2016 0:00:00;29/1/2000 0:00:00;;;;Recipient
;SDSDSDD;;JKJKJLNHHU;aaa@bbbb.ccc;17/7/2014 0:00:00;24/12/2007 0:00:00;;;;Recipient
;SDSDSDD;;JKJKJLNHHU;aaa@bbbb.ccc;4/10/2016 0:00:00;8/3/2003 0:00:00;;;;Recipient
;SDSDSDD;;JKJKJLNHHU;aaa@bbbb.ccc;7/10/2016 0:00:00;1/10/2010 0:00:00;;;;Recipient
;SDSDSDD;;JKJKJLNHHU;aaa@bbbb.ccc;16/4/2014 0:00:00;;;;;Recipient
;SDSDSDD;;JKJKJLNHHU;aaa@bbbb.ccc;16/4/2014 0:00:00;1/11/2010 0:00:00;;;;Recipient
;SDSDSDD;;JKJKJLNHHU;aaa@bbbb.ccc;;;;;;Recipient
;SDSDSDD;;JKJKJLNHHU;aaa@bbbb.ccc;;;;;;Recipient
;SDSDSDD;;JKJKJLNHHU;aaa@bbbb.ccc;;;;;;Recipient
;SDSDSDD;;JKJKJLNHHU;aaa@bbbb.ccc;;;;;;Recipient
;SDSDSDD;;JKJKJLNHHU;aaa@bbbb.ccc;30/10/2014 0:00:00;6/11/2012 0:00:00;;;;Recipient
;SDSDSDD;;JKJKJLNHHU;aaa@bbbb.ccc;;;;;;Recipient
;SDSDSDD;;JKJKJLNHHU;aaa@bbbb.ccc;;;;;;Recipient
;SDSDSDD;;JKJKJLNHHU;aaa@bbbb.ccc;;;;;;Recipient
;SDSDSDD;;JKJKJLNHHU;aaa@bbbb.ccc;;;;;;Recipient
;SDSDSDD;;JKJKJLNHHU;aaa@bbbb.ccc;17/1/2014 0:00:00;1/3/2003 0:00:00;;;;Recipient
;SDSDSDD;;JKJKJLNHHU;aaa@bbbb.ccc;16/4/2014 0:00:00;11/11/2006 0:00:00;;;;Recipient
;SDSDSDD;;JKJKJLNHHU;aaa@bbbb.ccc;;;;;;Recipient
;SDSDSDD;;JKJKJLNHHU;aaa@bbbb.ccc;;;;;;Recipient
;SDSDSDD;;JKJKJLNHHU;aaa@bbbb.ccc;17/7/2014 0:00:00;15/3/1995 0:00:00;;;;Recipient
;SDSDSDD;;JKJKJLNHHU;aaa@bbbb.ccc;;;;;;Recipient
;SDSDSDD;;JKJKJLNHHU;aaa@bbbb.ccc;16/4/2014 0:00:00;15/9/1997 0:00:00;;;;Recipient
;SDSDSDD;;JKJKJLNHHU;aaa@bbbb.ccc;14/3/2013 0:00:00;13/12/2002 0:00:00;;;;Recipient
;SDSDSDD;;JKJKJLNHHU;aaa@bbbb.ccc;17/7/2014 0:00:00;3/5/2006 0:00:00;;;;Recipient
;SDSDSDD;;JKJKJLNHHU;aaa@bbbb.ccc;29/4/2016 0:00:00;;;;;Recipient
;SDSDSDD;;JKJKJLNHHU;aaa@bbbb.ccc;;;;;;Recipient
;SDSDSDD;;JKJKJLNHHU;aaa@bbbb.ccc;;;;;;Recipient
;SDSDSDD;;JKJKJLNHHU;aaa@bbbb.ccc;;;;;;Recipient
;SDSDSDD;;JKJKJLNHHU;aaa@bbbb.ccc;;;;;;Recipient
;SDSDSDD;;JKJKJLNHHU;aaa@bbbb.ccc;17/7/2014 0:00:00;14/8/1996 0:00:00;;;;Recipient
;SDSDSDD;;JKJKJLNHHU;aaa@bbbb.ccc;17/7/2014 0:00:00;29/11/1997 0:00:00;;;;Recipient
;SDSDSDD;;JKJKJLNHHU;aaa@bbbb.ccc;;;;;;Recipient
;SDSDSDD;;JKJKJLNHHU;aaa@bbbb.ccc;;;;;;Recipient
;SDSDSDD;;JKJKJLNHHU;aaa@bbbb.ccc;;;;;;Recipient
;SDSDSDD;;JKJKJLNHHU;aaa@bbbb.ccc;16/4/2014 0:00:00;7/3/1998 0:00:00;;;;Recipient
;SDSDSDD;;JKJKJLNHHU;aaa@bbbb.ccc;;;;;;Recipient
;SDSDSDD;;JKJKJLNHHU;aaa@bbbb.ccc;17/7/2014 0:00:00;27/11/1997 0:00:00;;;;Recipient
;SDSDSDD;;JKJKJLNHHU;aaa@bbbb.ccc;;16/3/1994 0:00:00;;;;Recipient
;SDSDSDD;;JKJKJLNHHU;aaa@bbbb.ccc;17/7/2014 0:00:00;3/1/2001 0:00:00;;;;Recipient
;SDSDSDD;;JKJKJLNHHU;aaa@bbbb.ccc;23/11/2006 0:00:00;3/4/1992 0:00:00;;;;Recipient
;SDSDSDD;;JKJKJLNHHU;aaa@bbbb.ccc;;;;;;Recipient
;SDSDSDD;;JKJKJLNHHU;aaa@bbbb.ccc;17/7/2014 0:00:00;25/9/2011 0:00:00;;;;Recipient
;SDSDSDD;;JKJKJLNHHU;aaa@bbbb.ccc;;;;;;Recipient
;SDSDSDD;;JKJKJLNHHU;aaa@bbbb.ccc;;;;;;Recipient
;SDSDSDD;;JKJKJLNHHU;aaa@bbbb.ccc;;;;;;Recipient
;SDSDSDD;;JKJKJLNHHU;aaa@bbbb.ccc;;;;;;Recipient
;SDSDSDD;;JKJKJLNHHU;aaa@bbbb.ccc;17/7/2014 0:00:00;4/12/1985 0:00:00;;;;Recipient
;SDSDSDD;;JKJKJLNHHU;aaa@bbbb.ccc;;;;;;Recipient
;SDSDSDD;;JKJKJLNHHU;aaa@bbbb.ccc;17/7/2014 0:00:00;22/1/1996 0:00:00;;;;Recipient
;SDSDSDD;;JKJKJLNHHU;aaa@bbbb.ccc;;;;;;Recipient
;SDSDSDD;;JKJKJLNHHU;aaa@bbbb.ccc;;;;;;Recipient
;SDSDSDD;;JKJKJLNHHU;aaa@bbbb.ccc;16/4/2014 0:00:00;23/8/2004 0:00:00;;;;Recipient
;SDSDSDD;;JKJKJLNHHU;aaa@bbbb.ccc;;;;;;Recipient
;SDSDSDD;;JKJKJLNHHU;aaa@bbbb.ccc;30/10/2014 0:00:00;6/7/2004 0:00:00;;;;Recipient
;SDSDSDD;;JKJKJLNHHU;aaa@bbbb.ccc;17/7/2014 0:00:00;12/5/2007 0:00:00;;;;Recipient
;SDSDSDD;;JKJKJLNHHU;aaa@bbbb.ccc;16/4/2014 0:00:00;29/12/2006 0:00:00;;;;Recipient
;SDSDSDD;;JKJKJLNHHU;aaa@bbbb.ccc;30/10/2014 0:00:00;21/10/2005 0:00:00;;;;Recipient
;SDSDSDD;;JKJKJLNHHU;aaa@bbbb.ccc;;5/8/1987 0:00:00;;;;Recipient
;SDSDSDD;;JKJKJLNHHU;aaa@bbbb.ccc;;;;;;Recipient
;SDSDSDD;;JKJKJLNHHU;aaa@bbbb.ccc;;;;;;Recipient
;SDSDSDD;;JKJKJLNHHU;aaa@bbbb.ccc;;19/7/1978 0:00:00;;;;Recipient
;SDSDSDD;;JKJKJLNHHU;aaa@bbbb.ccc;;;;;;Recipient
;SDSDSDD;;JKJKJLNHHU;aaa@bbbb.ccc;;;;;;Recipient
;SDSDSDD;;JKJKJLNHHU;aaa@bbbb.ccc;3/11/2016 0:00:00;17/10/2009 0:00:00;;;;Recipient
;SDSDSDD;;JKJKJLNHHU;aaa@bbbb.ccc;8/11/2016 0:00:00;;;;;Recipient
;SDSDSDD;;JKJKJLNHHU;aaa@bbbb.ccc;8/11/2016 0:00:00;;;;;Recipient
;SDSDSDD;;JKJKJLNHHU;aaa@bbbb.ccc;8/11/2016 0:00:00;;;;;Recipient
;SDSDSDD;;JKJKJLNHHU;aaa@bbbb.ccc;18/11/2016 0:00:00;31/1/2003 0:00:00;;;;Recipient
;SDSDSDD;;JKJKJLNHHU;aaa@bbbb.ccc;25/11/2016 0:00:00;11/9/2003 0:00:00;;;;Recipient
;SDSDSDD;;JKJKJLNHHU;aaa@bbbb.ccc;28/11/2016 0:00:00;5/6/1999 0:00:00;;;;Recipient
;SDSDSDD;;JKJKJLNHHU;aaa@bbbb.ccc;30/11/2016 0:00:00;;;;;Recipient
;SDSDSDD;;JKJKJLNHHU;aaa@bbbb.ccc;1/12/2016 0:00:00;25/10/2016 0:00:00;;;;Recipient